cd_Ugestora;dt_Ano;de_Ugestora;ELEITO;class;n.dispensas
201001;2009;ÁGUA BRANCA;AROUDO FIRMINO BATISTA;Julgados;13
201001;2013;ÁGUA BRANCA;TARCISIO ALVES FIRMINO;Julgados;16
201001;2013;ÁGUA BRANCA;TARCISIO ALVES FIRMINO;Julgados;16
201002;2009;AGUIAR;MANOEL BATISTA GUEDES FILHO;NÃo julgados;1
201002;2013;AGUIAR;MANOEL BATISTA GUEDES FILHO;NÃo julgados;5
201003;2009;ALAGOA GRANDE;JOAO BOSCO CARNEIRO JUNIOR;NÃo julgados;11
201003;2013;ALAGOA GRANDE;HILDON REGIS NAVARRO FILHO;NÃo julgados;19
201004;2009;ALAGOA NOVA;KLEBER HERCULANO DE MORAES;Julgados;24
201004;2009;ALAGOA NOVA;KLEBER HERCULANO DE MORAES;Julgados;24
201005;2009;ALAGOINHA;ALCIONE MARACAJA DE MORAIS BELTRAO;Julgados;7
201005;2009;ALAGOINHA;ALCIONE MARACAJA DE MORAIS BELTRAO;Julgados;7
201005;2009;ALAGOINHA;ALCIONE MARACAJA DE MORAIS BELTRAO;Julgados;7
201005;2009;ALAGOINHA;ALCIONE MARACAJA DE MORAIS BELTRAO;Julgados;7
201006;2009;ALCANTIL;JOSE MILTON RODRIGUES;NÃo julgados;6
201006;2013;ALCANTIL;JOSE ADEMAR DE FARIAS;NÃo julgados;12
201008;2009;ALHANDRA;RENATO MENDES LEITE;Julgados;24
201008;2009;ALHANDRA;RENATO MENDES LEITE;Julgados;24
201008;2013;ALHANDRA;MARCELO RODRIGUES DA COSTA;NÃo julgados;26
201009;2009;AMPARO;JOAO LUIS DE LACERDA JUNIOR;NÃo julgados;1
201009;2013;AMPARO;JOSE ARNALDO DA SILVA;NÃo julgados;1
201010;2009;APARECIDA;DEUSIMAR PIRES FERREIRA;NÃo julgados;27
201010;2013;APARECIDA;JULIO CESAR QUEIROGA DE ARAUJO;NÃo julgados;40
201012;2009;ARARA;JOSE ERNESTO DOS SANTOS SOBRINHO;NÃo julgados;8
201012;2013;ARARA;ERALDO FERNANDES DE AZEVEDO;NÃo julgados;49
201013;2009;ARARUNA;WILMA TARGINO MARANHAO;Julgados;3
201013;2009;ARARUNA;WILMA TARGINO MARANHAO;Julgados;3
201014;2009;AREIA;ELSON DA CUNHA LIMA FILHO;NÃo julgados;9
201014;2013;AREIA;PAULO GOMES PEREIRA;NÃo julgados;25
201016;2009;AREIAL;ADELSON GONCALVES BENJAMIN;NÃo julgados;0
201016;2013;AREIAL;CICERO PEDRO MEDA DE ALMEIDA;NÃo julgados;19
201017;2009;AROEIRAS;GILSEPPE DE OLIVEIRA SOUSA;Julgados;23
201017;2009;AROEIRAS;GILSEPPE DE OLIVEIRA SOUSA;Julgados;23
201017;2009;AROEIRAS;GILSEPPE DE OLIVEIRA SOUSA;Julgados;23
201017;2013;AROEIRAS;MYLTON DOMINGUES DE AGUIAR MARQUES;Julgados;39
201017;2013;AROEIRAS;MYLTON DOMINGUES DE AGUIAR MARQUES;Julgados;39
201020;2009;BANANEIRAS;MARTA ELEONORA ARAGAO RAMALHO;NÃo julgados;59
201020;2013;BANANEIRAS;DOUGLAS LUCENA MOURA DE MEDEIROS;NÃo julgados;155
201022;2009;BARRA DE SANTA ROSA;EVALDO COSTA GOMES;Julgados;1
201022;2013;BARRA DE SANTA ROSA;FABIAN DUTRA SILVA;Julgados;16
201022;2013;BARRA DE SANTA ROSA;FABIAN DUTRA SILVA;Julgados;16
201023;2009;BARRA DE SANTANA;MANOEL ALMEIDA DE ANDRADE;NÃo julgados;1
201023;2013;BARRA DE SANTANA;JOVENTINO ERNESTO DO REGO NETO;NÃo julgados;21
201025;2009;BAYEUX;JOSIVAL JUNIOR DE SOUZA;Julgados;84
201025;2009;BAYEUX;JOSIVAL JUNIOR DE SOUZA;Julgados;84
201025;2013;BAYEUX;EXPEDITO PEREIRA DE SOUZA;NÃo julgados;78
201028;2009;BERNARDINO BATISTA;JOSE EDOMARQUES GOMES;NÃo julgados;15
201028;2013;BERNARDINO BATISTA;GERVAZIO GOMES DOS SANTOS;NÃo julgados;81
201029;2009;BOA VENTURA;JOSE PINTO NETO;NÃo julgados;0
201029;2013;BOA VENTURA;MARIA LEONICE LOPES VITAL;NÃo julgados;20
201030;2009;BOA VISTA;EDVAN PEREIRA LEITE;Julgados;11
201030;2009;BOA VISTA;EDVAN PEREIRA LEITE;Julgados;11
201030;2009;BOA VISTA;EDVAN PEREIRA LEITE;Julgados;11
201030;2009;BOA VISTA;EDVAN PEREIRA LEITE;Julgados;11
201031;2009;BOM JESUS;MANOEL DANTAS VENCESLAU;Julgados;2
201031;2009;BOM JESUS;MANOEL DANTAS VENCESLAU;Julgados;2
201031;2009;BOM JESUS;MANOEL DANTAS VENCESLAU;Julgados;2
201031;2009;BOM JESUS;MANOEL DANTAS VENCESLAU;Julgados;2
201031;2009;BOM JESUS;MANOEL DANTAS VENCESLAU;Julgados;2
201031;2009;BOM JESUS;MANOEL DANTAS VENCESLAU;Julgados;2
201031;2013;BOM JESUS;ROBERTO BANDEIRA DE MELO BARBOSA;Julgados;3
201031;2013;BOM JESUS;ROBERTO BANDEIRA DE MELO BARBOSA;Julgados;3
201031;2013;BOM JESUS;ROBERTO BANDEIRA DE MELO BARBOSA;Julgados;3
201031;2013;BOM JESUS;ROBERTO BANDEIRA DE MELO BARBOSA;Julgados;3
201031;2013;BOM JESUS;ROBERTO BANDEIRA DE MELO BARBOSA;Julgados;3
201032;2009;BOM SUCESSO;GILSON CAVALCANTE DE OLIVEIRA;NÃo julgados;1
201032;2013;BOM SUCESSO;IVALDO WASHINGTON DE LIMA;NÃo julgados;5
201035;2009;BORBOREMA;JOSE RENATO EDUARDO DOS SANTOS;NÃo julgados;4
201035;2013;BORBOREMA;MARIA PAULA GOMES PEREIRA;NÃo julgados;0
201036;2009;BREJO DO CRUZ;FRANCISCO DUTRA SOBRINHO;NÃo julgados;3
201036;2013;BREJO DO CRUZ;ANA MARIA DUTRA DA SILVA;NÃo julgados;27
201037;2009;BREJO DOS SANTOS;LAURI FERREIRA DA COSTA;NÃo julgados;1
201037;2013;BREJO DOS SANTOS;LUIZ VIEIRA DE ALMEIDA;NÃo julgados;10
201039;2009;CABACEIRAS;RICARDO JORGE DE FARIAS AIRES;NÃo julgados;0
201039;2013;CABACEIRAS;LUIZ AIRES CAVALCANTE;NÃo julgados;12
201040;2009;CABEDELO;JOSE FRANCISCO REGIS;Julgados;33
201040;2009;CABEDELO;JOSE FRANCISCO REGIS;Julgados;33
201040;2013;CABEDELO;JOSE MARIA DE LUCENA FILHO;Julgados;143
201040;2013;CABEDELO;JOSE MARIA DE LUCENA FILHO;Julgados;143
201040;2013;CABEDELO;JOSE MARIA DE LUCENA FILHO;Julgados;143
201041;2009;CACHOEIRA DOS ÍNDIOS;ARLINDO FRANCISCO DE SOUSA;NÃo julgados;27
201041;2013;CACHOEIRA DOS ÍNDIOS;FRANCISCO DANTAS RICARTE;NÃo julgados;5
201042;2009;CACIMBA DE AREIA;INACIO ROBERTO DE LIRA CAMPOS;Julgados;8
201042;2009;CACIMBA DE AREIA;INACIO ROBERTO DE LIRA CAMPOS;Julgados;8
201042;2009;CACIMBA DE AREIA;INACIO ROBERTO DE LIRA CAMPOS;Julgados;8
201042;2013;CACIMBA DE AREIA;ORISMAN FERREIRA DA NOBREGA;Julgados;5
201042;2013;CACIMBA DE AREIA;ORISMAN FERREIRA DA NOBREGA;Julgados;5
201043;2009;CACIMBA DE DENTRO;EDMILSON GOMES DE SOUZA;Julgados;3
201043;2009;CACIMBA DE DENTRO;EDMILSON GOMES DE SOUZA;Julgados;3
201044;2009;CACIMBAS;NILTON DE ALMEIDA;Julgados;36
201044;2013;CACIMBAS;GERALDO TERTO DA SILVA;NÃo julgados;23
201046;2009;CAJAZEIRAS;LEONID SOUZA DE ABREU;NÃo julgados;468
201046;2013;CAJAZEIRAS;FRANCISCA DENISE ALBUQUERQUE DE OLIVEIRA;NÃo julgados;116
201047;2009;CAJAZEIRINHAS;JOSE ALMEIDA SILVA;Julgados;12
201047;2013;CAJAZEIRINHAS;CRISTOVAO AMARO DA SILVA FILHO;NÃo julgados;15
201050;2009;CAMPINA GRANDE;VENEZIANO VITAL DO REGO SEGUNDO NETO;NÃo julgados;43
201050;2013;CAMPINA GRANDE;ROMERO RODRIGUES VEIGA;NÃo julgados;467
201051;2013;TACIMA;ERIVAN BEZERRA DANIEL;NÃo julgados;20
201052;2009;CAPIM;EUCLIDES SERGIO COSTA DE LIMA;NÃo julgados;0
201052;2013;CAPIM;EDVALDO CARLOS FREIRE JUNIOR;NÃo julgados;1
201054;2009;CARRAPATEIRA;JOSE ARDISON PEREIRA;Julgados;5
201054;2009;CARRAPATEIRA;JOSE ARDISON PEREIRA;Julgados;5
201054;2009;CARRAPATEIRA;JOSE ARDISON PEREIRA;Julgados;5
201054;2009;CARRAPATEIRA;JOSE ARDISON PEREIRA;Julgados;5
201054;2009;CARRAPATEIRA;JOSE ARDISON PEREIRA;Julgados;5
201054;2013;CARRAPATEIRA;ANDRE PEDROSA ALVES;Julgados;12
201054;2013;CARRAPATEIRA;ANDRE PEDROSA ALVES;Julgados;12
201054;2013;CARRAPATEIRA;ANDRE PEDROSA ALVES;Julgados;12
201054;2013;CARRAPATEIRA;ANDRE PEDROSA ALVES;Julgados;12
201055;2009;CASSERENGUE;GENIVAL BENTO DA SILVA;Julgados;13
201055;2013;CASSERENGUE;LUIS CARLOS FRANCISCO DOS SANTOS;NÃo julgados;21
201056;2009;CATINGUEIRA;JOSE EDIVAN FELIX;Julgados;3
201056;2009;CATINGUEIRA;JOSE EDIVAN FELIX;Julgados;3
201056;2009;CATINGUEIRA;JOSE EDIVAN FELIX;Julgados;3
201056;2009;CATINGUEIRA;JOSE EDIVAN FELIX;Julgados;3
201056;2009;CATINGUEIRA;JOSE EDIVAN FELIX;Julgados;3
201056;2009;CATINGUEIRA;JOSE EDIVAN FELIX;Julgados;3
201056;2013;CATINGUEIRA;ALBINO FELIX DE SOUSA NETO;Julgados;2
201056;2013;CATINGUEIRA;ALBINO FELIX DE SOUSA NETO;Julgados;2
201056;2013;CATINGUEIRA;ALBINO FELIX DE SOUSA NETO;Julgados;2
201056;2013;CATINGUEIRA;ALBINO FELIX DE SOUSA NETO;Julgados;2
201060;2009;CONDADO;EUGENIO PACELLI DE LIMA;Julgados;24
201060;2013;CONDADO;CAIO RODRIGO BEZERRA PAIXAO;Julgados;22
201060;2013;CONDADO;CAIO RODRIGO BEZERRA PAIXAO;Julgados;22
201061;2009;CONDE;ALUISIO VINAGRE REGIS;NÃo julgados;13
201061;2013;CONDE;TATIANA LUNDGREN CORREA DE OLIVEIRA;NÃo julgados;16
201062;2009;CONGO;ROMUALDO ANTONIO QUIRINO DE SOUSA;NÃo julgados;2
201062;2013;CONGO;ROMUALDO ANTONIO QUIRINO DE SOUSA;NÃo julgados;29
201063;2009;COREMAS;EDILSON PEREIRA DE OLIVEIRA;Julgados;4
201063;2009;COREMAS;EDILSON PEREIRA DE OLIVEIRA;Julgados;4
201063;2013;COREMAS;ANTONIO CARLOS CAVALCANTI LOPES;Julgados;2
201063;2013;COREMAS;ANTONIO CARLOS CAVALCANTI LOPES;Julgados;2
201064;2009;COXIXOLA;NELSON HONORATO DA SILVA;NÃo julgados;1
201064;2013;COXIXOLA;GIVALDO LIMEIRA DE FARIAS;NÃo julgados;9
201066;2009;CUBATI;DIMAS PEREIRA DA SILVA;Julgados;0
201066;2013;CUBATI;EDUARDO RONIELLE GUIMARAES MARTINS DANTAS;NÃo julgados;4
201069;2009;CUITEGI;EDNALDO PAULO LINO;NÃo julgados;50
201069;2013;CUITEGI;GUILHERME CUNHA MADRUGA JUNIOR;NÃo julgados;10
201070;2009;CURRAL DE CIMA;NADIR FERNANDES DE FARIAS;Julgados;1
201070;2009;CURRAL DE CIMA;NADIR FERNANDES DE FARIAS;Julgados;1
201070;2009;CURRAL DE CIMA;NADIR FERNANDES DE FARIAS;Julgados;1
201070;2009;CURRAL DE CIMA;NADIR FERNANDES DE FARIAS;Julgados;1
201070;2009;CURRAL DE CIMA;NADIR FERNANDES DE FARIAS;Julgados;1
201070;2013;CURRAL DE CIMA;NADIR FERNANDES DE FARIAS;Julgados;1
201070;2013;CURRAL DE CIMA;NADIR FERNANDES DE FARIAS;Julgados;1
201070;2013;CURRAL DE CIMA;NADIR FERNANDES DE FARIAS;Julgados;1
201070;2013;CURRAL DE CIMA;NADIR FERNANDES DE FARIAS;Julgados;1
201071;2009;CURRAL VELHO;LUIZ ALVES BARBOSA;Julgados;1
201071;2013;CURRAL VELHO;JOAQUIM ALVES BARBOSA FILHO;Julgados;0
201071;2013;CURRAL VELHO;JOAQUIM ALVES BARBOSA FILHO;Julgados;0
201071;2013;CURRAL VELHO;JOAQUIM ALVES BARBOSA FILHO;Julgados;0
201071;2013;CURRAL VELHO;JOAQUIM ALVES BARBOSA FILHO;Julgados;0
201071;2013;CURRAL VELHO;JOAQUIM ALVES BARBOSA FILHO;Julgados;0
201073;2009;DESTERRO;DILSON DE ALMEIDA;NÃo julgados;28
201073;2013;DESTERRO;ROSANGELA DE FATIMA LEITE;NÃo julgados;36
201074;2009;DIAMANTE;HERCULES BARROS MANGUEIRA DINIZ;NÃo julgados;7
201074;2013;DIAMANTE;MARCILIA MANGUEIRA GUIMARAES;Julgados;3
201074;2013;DIAMANTE;MARCILIA MANGUEIRA GUIMARAES;Julgados;3
201076;2009;DUAS ESTRADAS;ROBERTO CARLOS NUNES;NÃo julgados;0
201076;2013;DUAS ESTRADAS;EDSON GOMES DE LUNA;NÃo julgados;12
201077;2009;EMAS;FERNANDA MARIA MARINHO DE MEDEIROS LOUREIRO;NÃo julgados;11
201077;2013;EMAS;JOSE WILLIAM SEGUNDO MADRUGA;NÃo julgados;16
201079;2009;FAGUNDES;GILBERTO MUNIZ DANTAS;Julgados;7
201079;2009;FAGUNDES;GILBERTO MUNIZ DANTAS;Julgados;7
201079;2009;FAGUNDES;GILBERTO MUNIZ DANTAS;Julgados;7
201079;2009;FAGUNDES;GILBERTO MUNIZ DANTAS;Julgados;7
201079;2013;FAGUNDES;JOSE PEDRO DA SILVA;Julgados;14
201079;2013;FAGUNDES;JOSE PEDRO DA SILVA;Julgados;14
201079;2013;FAGUNDES;JOSE PEDRO DA SILVA;Julgados;14
201079;2013;FAGUNDES;JOSE PEDRO DA SILVA;Julgados;14
201079;2013;FAGUNDES;JOSE PEDRO DA SILVA;Julgados;14
201079;2013;FAGUNDES;JOSE PEDRO DA SILVA;Julgados;14
201080;2009;FREI MARTINHO;FRANCIVALDO SANTOS DE ARAUJO;Julgados;0
201080;2009;FREI MARTINHO;FRANCIVALDO SANTOS DE ARAUJO;Julgados;0
201080;2009;FREI MARTINHO;FRANCIVALDO SANTOS DE ARAUJO;Julgados;0
201080;2009;FREI MARTINHO;FRANCIVALDO SANTOS DE ARAUJO;Julgados;0
201080;2009;FREI MARTINHO;FRANCIVALDO SANTOS DE ARAUJO;Julgados;0
201080;2013;FREI MARTINHO;AGUIFAILDO LIRA DANTAS;NÃo julgados;14
201081;2009;GADO BRAVO;AUSTERLIANO EVALDO ARAUJO;NÃo julgados;1
201081;2013;GADO BRAVO;AUSTERLIANO EVALDO ARAUJO;NÃo julgados;8
201082;2009;GUARABIRA;MARIA DE FATIMA DE AQUINO PAULINO;NÃo julgados;51
201082;2013;GUARABIRA;ZENOBIO TOSCANO DE OLIVEIRA;Julgados;56
201082;2013;GUARABIRA;ZENOBIO TOSCANO DE OLIVEIRA;Julgados;56
201085;2009;IBIARA;PEDRO FEITOZA LEITE;NÃo julgados;2
201085;2013;IBIARA;PEDRO FEITOZA LEITE;NÃo julgados;13
201086;2009;IGARACY;JUCELINO LIMA DE FARIAS;NÃo julgados;0
201086;2013;IGARACY;DEUSALEIDE JERONIMO LEITE;NÃo julgados;4
201087;2009;IMACULADA;JOSE RIBAMAR DA SILVA;Julgados;0
201087;2009;IMACULADA;JOSE RIBAMAR DA SILVA;Julgados;0
201087;2009;IMACULADA;JOSE RIBAMAR DA SILVA;Julgados;0
201087;2009;IMACULADA;JOSE RIBAMAR DA SILVA;Julgados;0
201087;2013;IMACULADA;ALDO LUSTOSA DA SILVA;Julgados;10
201087;2013;IMACULADA;ALDO LUSTOSA DA SILVA;Julgados;10
201087;2013;IMACULADA;ALDO LUSTOSA DA SILVA;Julgados;10
201087;2013;IMACULADA;ALDO LUSTOSA DA SILVA;Julgados;10
201087;2013;IMACULADA;ALDO LUSTOSA DA SILVA;Julgados;10
201087;2013;IMACULADA;ALDO LUSTOSA DA SILVA;Julgados;10
201089;2009;ITABAIANA;EURIDICE MOREIRA DA SILVA;NÃo julgados;14
201089;2013;ITABAIANA;ANTONIO CARLOS RODRIGUES DE MELO JUNIOR;Julgados;53
201089;2013;ITABAIANA;ANTONIO CARLOS RODRIGUES DE MELO JUNIOR;Julgados;53
201090;2009;ITAPORANGA;DJACI FARIAS BRASILEIRO;NÃo julgados;2
201090;2013;ITAPORANGA;AUDIBERG ALVES DE CARVALHO;NÃo julgados;65
201091;2009;ITAPOROROCA;CELSO DE MORAIS ANDRADE NETO;Julgados;2
201091;2009;ITAPOROROCA;CELSO DE MORAIS ANDRADE NETO;Julgados;2
201092;2009;ITATUBA;RENATO LACERDA MARTINS;Julgados;13
201092;2009;ITATUBA;RENATO LACERDA MARTINS;Julgados;13
201092;2009;ITATUBA;RENATO LACERDA MARTINS;Julgados;13
201092;2009;ITATUBA;RENATO LACERDA MARTINS;Julgados;13
201092;2009;ITATUBA;RENATO LACERDA MARTINS;Julgados;13
201092;2009;ITATUBA;RENATO LACERDA MARTINS;Julgados;13
201092;2009;ITATUBA;RENATO LACERDA MARTINS;Julgados;13
201092;2009;ITATUBA;RENATO LACERDA MARTINS;Julgados;13
201092;2013;ITATUBA;ARON RENE MARTINS DE ANDRADE;Julgados;27
201092;2013;ITATUBA;ARON RENE MARTINS DE ANDRADE;Julgados;27
201092;2013;ITATUBA;ARON RENE MARTINS DE ANDRADE;Julgados;27
201092;2013;ITATUBA;ARON RENE MARTINS DE ANDRADE;Julgados;27
201097;2009;JUAZEIRINHO;BEVILACQUA MATIAS MARACAJA;Julgados;6
201097;2009;JUAZEIRINHO;BEVILACQUA MATIAS MARACAJA;Julgados;6
201097;2009;JUAZEIRINHO;BEVILACQUA MATIAS MARACAJA;Julgados;6
201097;2009;JUAZEIRINHO;BEVILACQUA MATIAS MARACAJA;Julgados;6
201097;2009;JUAZEIRINHO;BEVILACQUA MATIAS MARACAJA;Julgados;6
201097;2009;JUAZEIRINHO;BEVILACQUA MATIAS MARACAJA;Julgados;6
201097;2013;JUAZEIRINHO;CARLEUSA CASTRO MARQUES DE OLIVEIRA RAULINO;NÃo julgados;13
201099;2009;JURIPIRANGA;ANTONIO MAROJA GUEDES FILHO;Julgados;16
201099;2013;JURIPIRANGA;PAULO DALIA TEIXEIRA;NÃo julgados;84
201100;2009;JURU;JOSE ORLANDO TEOTONIO;Julgados;2
201100;2009;JURU;JOSE ORLANDO TEOTONIO;Julgados;2
201100;2009;JURU;JOSE ORLANDO TEOTONIO;Julgados;2
201100;2013;JURU;LUIZ GALVAO DA SILVA;Julgados;13
201100;2013;JURU;LUIZ GALVAO DA SILVA;Julgados;13
201100;2013;JURU;LUIZ GALVAO DA SILVA;Julgados;13
201100;2013;JURU;LUIZ GALVAO DA SILVA;Julgados;13
201100;2013;JURU;LUIZ GALVAO DA SILVA;Julgados;13
201100;2013;JURU;LUIZ GALVAO DA SILVA;Julgados;13
201101;2009;LAGOA;MAGNO DEMYS DE OLIVEIRA BORGES;Julgados;3
201101;2009;LAGOA;MAGNO DEMYS DE OLIVEIRA BORGES;Julgados;3
201101;2009;LAGOA;MAGNO DEMYS DE OLIVEIRA BORGES;Julgados;3
201101;2013;LAGOA;MAGNO DEMYS DE OLIVEIRA BORGES;Julgados;14
201101;2013;LAGOA;MAGNO DEMYS DE OLIVEIRA BORGES;Julgados;14
201101;2013;LAGOA;MAGNO DEMYS DE OLIVEIRA BORGES;Julgados;14
201101;2013;LAGOA;MAGNO DEMYS DE OLIVEIRA BORGES;Julgados;14
201102;2009;LAGOA DE DENTRO;SUELI MADRUGA FREIRE;Julgados;8
201102;2009;LAGOA DE DENTRO;SUELI MADRUGA FREIRE;Julgados;8
201102;2013;LAGOA DE DENTRO;FABIANO PEDRO DA SILVA;NÃo julgados;47
201103;2009;LAGOA SECA;EDVARDO HERCULANO DE LIMA;Julgados;5
201103;2009;LAGOA SECA;EDVARDO HERCULANO DE LIMA;Julgados;5
201103;2013;LAGOA SECA;JOSE TADEU SALES DE LUNA;NÃo julgados;26
201104;2009;LASTRO;JOSE VIVALDO DINIZ;Julgados;13
201104;2013;LASTRO;WILMESON EMMANUEL MENDES SARMENTO;Julgados;17
201104;2013;LASTRO;WILMESON EMMANUEL MENDES SARMENTO;Julgados;17
201105;2009;LIVRAMENTO;JARBAS CORREIA BEZERRA;Julgados;2
201105;2009;LIVRAMENTO;JARBAS CORREIA BEZERRA;Julgados;2
201105;2009;LIVRAMENTO;JARBAS CORREIA BEZERRA;Julgados;2
201105;2009;LIVRAMENTO;JARBAS CORREIA BEZERRA;Julgados;2
201105;2013;LIVRAMENTO;CARMELITA ESTEVAO VENTURA SOUSA;Julgados;22
201105;2013;LIVRAMENTO;CARMELITA ESTEVAO VENTURA SOUSA;Julgados;22
201106;2009;LOGRADOURO;HUMBERTO LUIS LISBOA ALVES;NÃo julgados;76
201106;2013;LOGRADOURO;CELIA MARIA DE QUEIROZ CARVALHO;NÃo julgados;58
201107;2013;LUCENA;MARCELO SALES DE MENDONCA;NÃo julgados;2
201109;2013;MALTA;MANOEL BENEDITO DE LUCENA FILHO;Julgados;30
201109;2013;MALTA;MANOEL BENEDITO DE LUCENA FILHO;Julgados;30
201110;2013;MAMANGUAPE;EDUARDO CARNEIRO DE BRITO;NÃo julgados;42
201113;2013;MARI;MARCOS AURELIO MARTINS DE PAIVA;NÃo julgados;34
201115;2013;MASSARANDUBA;JOANA DARC QUEIROGA MENDONCA COUTINHO;Julgados;31
201115;2013;MASSARANDUBA;JOANA DARC QUEIROGA MENDONCA COUTINHO;Julgados;31
201116;2013;MATARACA;OLIMPIO DE ALENCAR ARAUJO BEZERRA;NÃo julgados;4
201117;2013;MATINHAS;MARIA DE FATIMA SILVA;Julgados;3
201117;2013;MATINHAS;MARIA DE FATIMA SILVA;Julgados;3
201118;2013;MATO GROSSO;RAELLYSON RODRIGO OLIVEIRA MONTEIRO;NÃo julgados;1
201120;2013;MOGEIRO;ANTONIO JOSE FERREIRA;Julgados;2
201120;2013;MOGEIRO;ANTONIO JOSE FERREIRA;Julgados;2
201121;2013;MONTADAS;JAIRO HERCULANO DE MELO;NÃo julgados;24
201122;2013;MONTE HOREBE;CLAUDIA APARECIDA DIAS;NÃo julgados;9
201123;2013;MONTEIRO;EDNACE ALVES SILVESTRE HENRIQUE;NÃo julgados;22
201124;2013;MULUNGU;JOANA DARC RODRIGUES BANDEIRA FERRAZ;NÃo julgados;8
201125;2009;NATUBA;JOSEVALDO ALVES DA SILVA;NÃo julgados;0
201125;2013;NATUBA;JOSE LINS DA SILVA FILHO;NÃo julgados;21
201126;2009;NAZAREZINHO;FRANCISCO ASSIS BRAGA JUNIOR;Julgados;22
201126;2009;NAZAREZINHO;FRANCISCO ASSIS BRAGA JUNIOR;Julgados;22
201126;2009;NAZAREZINHO;FRANCISCO ASSIS BRAGA JUNIOR;Julgados;22
201126;2013;NAZAREZINHO;SALVAN MENDES PEDROZA;Julgados;54
201126;2013;NAZAREZINHO;SALVAN MENDES PEDROZA;Julgados;54
201127;2009;NOVA FLORESTA;JOAO  ELIAS DA SILVEIRA NETO AZEVEDO;Julgados;11
201127;2009;NOVA FLORESTA;JOAO  ELIAS DA SILVEIRA NETO AZEVEDO;Julgados;11
201127;2013;NOVA FLORESTA;JOAO ELIAS DA SILVEIRA NETO AZEVEDO;NÃo julgados;28
201128;2009;NOVA OLINDA;MARIA DO CARMO SILVA;Julgados;5
201128;2009;NOVA OLINDA;MARIA DO CARMO SILVA;Julgados;5
201128;2009;NOVA OLINDA;MARIA GALDINO IRMA;Julgados;5
201128;2009;NOVA OLINDA;MARIA DO CARMO SILVA;Julgados;5
201128;2009;NOVA OLINDA;MARIA GALDINO IRMA;Julgados;5
201128;2009;NOVA OLINDA;MARIA DO CARMO SILVA;Julgados;5
201128;2009;NOVA OLINDA;MARIA GALDINO IRMA;Julgados;5
201128;2009;NOVA OLINDA;MARIA GALDINO IRMA;Julgados;5
201128;2009;NOVA OLINDA;MARIA GALDINO IRMA;Julgados;5
201128;2009;NOVA OLINDA;MARIA DO CARMO SILVA;Julgados;5
201129;2009;NOVA PALMEIRA;JOSE PETRONILO DE ARAUJO;Julgados;5
201129;2009;NOVA PALMEIRA;JOSE PETRONILO DE ARAUJO;Julgados;5
201129;2009;NOVA PALMEIRA;JOSE PETRONILO DE ARAUJO;Julgados;5
201129;2009;NOVA PALMEIRA;JOSE PETRONILO DE ARAUJO;Julgados;5
201129;2009;NOVA PALMEIRA;JOSE PETRONILO DE ARAUJO;Julgados;5
201129;2009;NOVA PALMEIRA;JOSE PETRONILO DE ARAUJO;Julgados;5
201129;2009;NOVA PALMEIRA;JOSE PETRONILO DE ARAUJO;Julgados;5
201129;2009;NOVA PALMEIRA;JOSE PETRONILO DE ARAUJO;Julgados;5
201129;2009;NOVA PALMEIRA;JOSE PETRONILO DE ARAUJO;Julgados;5
201129;2013;NOVA PALMEIRA;JOSE FELIX DE LIMA FILHO;NÃo julgados;10
201130;2009;OLHO D'ÁGUA;FRANCISCO DE ASSIS CARVALHO;NÃo julgados;2
201130;2013;OLHO D'ÁGUA;FRANCISCO DE ASSIS CARVALHO;NÃo julgados;6
201131;2009;OLIVEDOS;JOSIMAR GONCALVES COSTA;NÃo julgados;10
201131;2013;OLIVEDOS;GRIGORIO DE ALMEIDA SOUTO;NÃo julgados;10
201132;2009;OURO VELHO;INACIO AMARO DOS SANTOS FILHO;Julgados;40
201132;2009;OURO VELHO;INACIO AMARO DOS SANTOS FILHO;Julgados;40
201132;2013;OURO VELHO;NATALIA CARNEIRO NUNES DE LIRA;Julgados;9
201132;2013;OURO VELHO;NATALIA CARNEIRO NUNES DE LIRA;Julgados;9
201133;2009;PARARI;SOLANGE AIRES CALUETE GUIMARAES;NÃo julgados;0
201133;2013;PARARI;JOSE JOSEMAR FERREIRA DE SOUZA;NÃo julgados;11
201134;2009;PASSAGEM;AGAMENON BALDUINO DA NOBREGA;NÃo julgados;4
201134;2013;PASSAGEM;MAGNO SILVA MARTINS;NÃo julgados;21
201135;2009;PATOS;NABOR WANDERLEY DA NOBREGA FILHO;NÃo julgados;574
201135;2013;PATOS;FRANCISCA GOMES ARAUJO MOTTA;NÃo julgados;99
201136;2009;PAULISTA;SEVERINO PEREIRA DANTAS;Julgados;5
201136;2009;PAULISTA;SEVERINO PEREIRA DANTAS;Julgados;5
201136;2009;PAULISTA;SEVERINO PEREIRA DANTAS;Julgados;5
201136;2013;PAULISTA;SEVERINO PEREIRA DANTAS;Julgados;30
201136;2013;PAULISTA;SEVERINO PEREIRA DANTAS;Julgados;30
201136;2013;PAULISTA;SEVERINO PEREIRA DANTAS;Julgados;30
201136;2013;PAULISTA;SEVERINO PEREIRA DANTAS;Julgados;30
201137;2009;PEDRA BRANCA;JOSE DE ANCHIETA NOIA;NÃo julgados;0
201137;2013;PEDRA BRANCA;JOSE DE ANCHIETA NOIA;NÃo julgados;9
201138;2009;PEDRA LAVRADA;JOSE ANTONIO VASCONCELOS DA COSTA;Julgados;1
201138;2009;PEDRA LAVRADA;JOSE ANTONIO VASCONCELOS DA COSTA;Julgados;1
201138;2009;PEDRA LAVRADA;JOSE ANTONIO VASCONCELOS DA COSTA;Julgados;1
201138;2009;PEDRA LAVRADA;JOSE ANTONIO VASCONCELOS DA COSTA;Julgados;1
201138;2009;PEDRA LAVRADA;JOSE ANTONIO VASCONCELOS DA COSTA;Julgados;1
201138;2009;PEDRA LAVRADA;JOSE ANTONIO VASCONCELOS DA COSTA;Julgados;1
201138;2013;PEDRA LAVRADA;ROBERTO JOSE VASCONCELOS CORDEIRO;Julgados;56
201138;2013;PEDRA LAVRADA;ROBERTO JOSE VASCONCELOS CORDEIRO;Julgados;56
201139;2009;PEDRAS DE FOGO;MARIA CLARICE RIBEIRO BORBA;Julgados;92
201139;2009;PEDRAS DE FOGO;MARIA CLARICE RIBEIRO BORBA;Julgados;92
201139;2009;PEDRAS DE FOGO;MARIA CLARICE RIBEIRO BORBA;Julgados;92
201139;2013;PEDRAS DE FOGO;DERIVALDO ROMAO DOS SANTOS;NÃo julgados;38
201143;2009;PILAR;VIRGINIA MARIA PEIXOTO VELLOSO BORGES;Julgados;9
201143;2009;PILAR;VIRGINIA MARIA PEIXOTO VELLOSO BORGES;Julgados;9
201146;2009;PIRPIRITUBA;RINALDO DE LUCENA GUEDES;Julgados;0
201146;2009;PIRPIRITUBA;RINALDO DE LUCENA GUEDES;Julgados;0
201146;2009;PIRPIRITUBA;RINALDO DE LUCENA GUEDES;Julgados;0
201147;2009;PITIMBU;JOSE ROMULO CARNEIRO DE ALBUQUERQUE;Julgados;2
201147;2009;PITIMBU;JOSE ROMULO CARNEIRO DE ALBUQUERQUE;Julgados;2
201147;2009;PITIMBU;JOSE ROMULO CARNEIRO DE ALBUQUERQUE;Julgados;2
201147;2009;PITIMBU;JOSE ROMULO CARNEIRO DE ALBUQUERQUE;Julgados;2
201147;2009;PITIMBU;JOSE ROMULO CARNEIRO DE ALBUQUERQUE;Julgados;2
201147;2009;PITIMBU;JOSE ROMULO CARNEIRO DE ALBUQUERQUE;Julgados;2
201147;2013;PITIMBU;LEONARDO JOSE BARBALHO CARNEIRO;Julgados;2
201147;2013;PITIMBU;LEONARDO JOSE BARBALHO CARNEIRO;Julgados;2
201147;2013;PITIMBU;LEONARDO JOSE BARBALHO CARNEIRO;Julgados;2
201147;2013;PITIMBU;LEONARDO JOSE BARBALHO CARNEIRO;Julgados;2
201147;2013;PITIMBU;LEONARDO JOSE BARBALHO CARNEIRO;Julgados;2
201148;2009;POCINHOS;ARTHUR BOMFIM GALDINO DE ARAUJO;Julgados;2
201148;2009;POCINHOS;ARTHUR BOMFIM GALDINO DE ARAUJO;Julgados;2
201148;2013;POCINHOS;CLAUDIO CHAVES COSTA;NÃo julgados;23
201151;2009;POMBAL;YASNAYA POLLYANNA DANTAS WERTON;Julgados;132
201151;2013;POMBAL;YASNAIA POLLYANNA WERTON DUTRA;NÃo julgados;170
201152;2009;PRATA;MARCEL NUNES DE FARIAS;NÃo julgados;1
201152;2013;PRATA;ANTONIO COSTA NOBREGA JUNIOR;NÃo julgados;17
201153;2009;PRINCESA ISABEL;THIAGO PEREIRA DE SOUSA SOARES;Julgados;3
201153;2009;PRINCESA ISABEL;THIAGO PEREIRA DE SOUSA SOARES;Julgados;3
201153;2009;PRINCESA ISABEL;THIAGO PEREIRA DE SOUSA SOARES;Julgados;3
201153;2009;PRINCESA ISABEL;THIAGO PEREIRA DE SOUSA SOARES;Julgados;3
201153;2009;PRINCESA ISABEL;THIAGO PEREIRA DE SOUSA SOARES;Julgados;3
201153;2013;PRINCESA ISABEL;DOMINGOS SAVIO MAXIMIANO ROBERTO;Julgados;27
201153;2013;PRINCESA ISABEL;DOMINGOS SAVIO MAXIMIANO ROBERTO;Julgados;27
201155;2009;QUEIMADAS;JOSE CARLOS DE SOUSA REGO;Julgados;85
201155;2009;QUEIMADAS;JOSE CARLOS DE SOUSA REGO;Julgados;85
201155;2009;QUEIMADAS;JOSE CARLOS DE SOUSA REGO;Julgados;85
201155;2013;QUEIMADAS;JACO MOREIRA MACIEL;NÃo julgados;15
201162;2009;RIACHO DOS CAVALOS;SEBASTIAO PEREIRA PRIMO;Julgados;65
201162;2009;RIACHO DOS CAVALOS;SEBASTIAO PEREIRA PRIMO;Julgados;65
201162;2009;RIACHO DOS CAVALOS;SEBASTIAO PEREIRA PRIMO;Julgados;65
201162;2013;RIACHO DOS CAVALOS;JOAQUIM HUGO VIEIRA CARNEIRO;Julgados;32
201162;2013;RIACHO DOS CAVALOS;JOAQUIM HUGO VIEIRA CARNEIRO;Julgados;32
201162;2013;RIACHO DOS CAVALOS;JOAQUIM HUGO VIEIRA CARNEIRO;Julgados;32
201162;2013;RIACHO DOS CAVALOS;JOAQUIM HUGO VIEIRA CARNEIRO;Julgados;32
201163;2009;RIO TINTO;MAGNA CELI FERNANDES GERBASI;NÃo julgados;36
201163;2013;RIO TINTO;SEVERINA FERREIRA ALVES;NÃo julgados;8
201164;2009;SALGADINHO;DEBORA CRISTIANE FARIAS MORAIS;NÃo julgados;0
201164;2013;SALGADINHO;DEBORA CRISTIANE FARIAS MORAIS;NÃo julgados;12
201167;2009;SANTA CRUZ;RAIMUNDO ANTUNES BATISTA;Julgados;14
201168;2009;SANTA HELENA;ELAIR DINIZ BRASILEIRO;NÃo julgados;2
201168;2013;SANTA HELENA;EMMANUEL FELIPE LUCENA MESSIAS;NÃo julgados;5
201170;2009;SANTA LUZIA;JOSE ADEMIR PEREIRA DE MORAIS;NÃo julgados;85
201170;2013;SANTA LUZIA;JOSE ADEMIR PEREIRA DE MORAIS;NÃo julgados;61
201171;2009;SANTA RITA;MARCUS ODILON RIBEIRO COUTINHO;Julgados;2
201171;2009;SANTA RITA;MARCUS ODILON RIBEIRO COUTINHO;Julgados;2
201171;2009;SANTA RITA;MARCUS ODILON RIBEIRO COUTINHO;Julgados;2
201171;2013;SANTA RITA;REGINALDO PEREIRA DA COSTA;Julgados;144
201171;2013;SANTA RITA;REGINALDO PEREIRA DA COSTA;Julgados;144
201172;2009;SANTA TERESINHA;DAVI CORDEIRO DE OLIVEIRA;NÃo julgados;10
201172;2013;SANTA TERESINHA;JOSE DE ARIMATEIA NUNES CAMBOIM;NÃo julgados;16
201173;2009;SANTANA DE MANGUEIRA;TANIA MANGUEIRA NITAO INACIO;Julgados;11
201173;2009;SANTANA DE MANGUEIRA;TANIA MANGUEIRA NITAO INACIO;Julgados;11
201173;2013;SANTANA DE MANGUEIRA;TANIA MANGUEIRA NITAO INACIO;Julgados;6
201173;2013;SANTANA DE MANGUEIRA;TANIA MANGUEIRA NITAO INACIO;Julgados;6
201173;2013;SANTANA DE MANGUEIRA;TANIA MANGUEIRA NITAO INACIO;Julgados;6
201173;2013;SANTANA DE MANGUEIRA;TANIA MANGUEIRA NITAO INACIO;Julgados;6
201174;2009;SANTANA DOS GARROTES;JOSE ALENCAR LIMA;Julgados;2
201174;2009;SANTANA DOS GARROTES;JOSE ALENCAR LIMA;Julgados;2
201174;2013;SANTANA DOS GARROTES;ELIO RIBEIRO DE MORAIS;Julgados;45
201174;2013;SANTANA DOS GARROTES;ELIO RIBEIRO DE MORAIS;Julgados;45
201175;2013;JOCA CLAUDINO;LUCRECIA ADRIANA DE ANDRADE BARBOSA DANTAS;Julgados;5
201175;2013;JOCA CLAUDINO;LUCRECIA ADRIANA DE ANDRADE BARBOSA DANTAS;Julgados;5
201175;2013;JOCA CLAUDINO;LUCRECIA ADRIANA DE ANDRADE BARBOSA DANTAS;Julgados;5
201175;2013;JOCA CLAUDINO;LUCRECIA ADRIANA DE ANDRADE BARBOSA DANTAS;Julgados;5
201201;2009;SERRA BRANCA;EDUARDO JOSE TORREAO MOTA;Julgados;0
201201;2009;SERRA BRANCA;EDUARDO JOSE TORREAO MOTA;Julgados;0
201201;2009;SERRA BRANCA;EDUARDO JOSE TORREAO MOTA;Julgados;0
201201;2009;SERRA BRANCA;EDUARDO JOSE TORREAO MOTA;Julgados;0
201202;2009;SERRA DA RAIZ;LUIZ GONZAGA BEZERRA DUARTE;Julgados;5
201202;2009;SERRA DA RAIZ;LUIZ GONZAGA BEZERRA DUARTE;Julgados;5
201202;2013;SERRA DA RAIZ;ADAILMA FERNANDES DA SILVA;NÃo julgados;8
201203;2009;SERRA GRANDE;JOAO BOSCO CAVALCANTE;Julgados;3
201203;2009;SERRA GRANDE;JOAO BOSCO CAVALCANTE;Julgados;3
201203;2009;SERRA GRANDE;JOAO BOSCO CAVALCANTE;Julgados;3
201203;2009;SERRA GRANDE;JOAO BOSCO CAVALCANTE;Julgados;3
201203;2009;SERRA GRANDE;JOAO BOSCO CAVALCANTE;Julgados;3
201203;2009;SERRA GRANDE;JOAO BOSCO CAVALCANTE;Julgados;3
201203;2013;SERRA GRANDE;JAIRO HALLEY DE MOURA CRUZ;Julgados;19
201203;2013;SERRA GRANDE;JAIRO HALLEY DE MOURA CRUZ;Julgados;19
201203;2013;SERRA GRANDE;JAIRO HALLEY DE MOURA CRUZ;Julgados;19
201203;2013;SERRA GRANDE;JAIRO HALLEY DE MOURA CRUZ;Julgados;19
201204;2009;SERRA REDONDA;MANOEL MARCELO DE ANDRADE;Julgados;0
201204;2009;SERRA REDONDA;MANOEL MARCELO DE ANDRADE;Julgados;0
201204;2009;SERRA REDONDA;MANOEL MARCELO DE ANDRADE;Julgados;0
201205;2009;SERRARIA;SEVERINO FERREIRA DA SILVA;NÃo julgados;0
201205;2013;SERRARIA;SEVERINO FERREIRA DA SILVA;NÃo julgados;0
201207;2009;SOBRADO;CELIA MARIA DE OLIVEIRA MELO;NÃo julgados;0
201207;2013;SOBRADO;GEORGE JOSE PORCIUNCULA PEREIRA COELHO;NÃo julgados;10
201209;2009;SOLEDADE;JOSE IVANILDO BARROS GOUVEIA;Julgados;1
201209;2009;SOLEDADE;JOSE IVANILDO BARROS GOUVEIA;Julgados;1
201209;2009;SOLEDADE;JOSE IVANILDO BARROS GOUVEIA;Julgados;1
201209;2009;SOLEDADE;JOSE IVANILDO BARROS GOUVEIA;Julgados;1
201209;2009;SOLEDADE;JOSE IVANILDO BARROS GOUVEIA;Julgados;1
201209;2009;SOLEDADE;JOSE IVANILDO BARROS GOUVEIA;Julgados;1
201209;2009;SOLEDADE;JOSE IVANILDO BARROS GOUVEIA;Julgados;1
201209;2009;SOLEDADE;JOSE IVANILDO BARROS GOUVEIA;Julgados;1
201209;2013;SOLEDADE;JOSE BENTO LEITE DO NASCIMENTO;NÃo julgados;17
201209;2013;SOLEDADE;FLAVIO AURELIANO DA SILVA NETO;NÃo julgados;17
201211;2009;SOUSA;FABIO TYRONE BRAGA DE OLIVEIRA;NÃo julgados;260
201211;2013;SOUSA;ANDRE AVELINO DE PAIVA GADELHA NETO;NÃo julgados;112
201214;2009;TAVARES;JOSE SEVERIANO DE PAULO BEZERRA DA SILVA;Julgados;22
201214;2013;TAVARES;AILTON NIXON SUASSUNA PORTO;NÃo julgados;6
201215;2009;TEIXEIRA;WENCESLAU SOUZA MARQUES;Julgados;78
201215;2013;TEIXEIRA;EDMILSON ALVES DOS REIS;NÃo julgados;64
201217;2009;TRIUNFO;ITAMAR MANGUEIRA DE SOUSA;Julgados;2
201217;2009;TRIUNFO;ITAMAR MANGUEIRA DE SOUSA;Julgados;2
201217;2013;TRIUNFO;DAMISIO MANGUEIRA DA SILVA;NÃo julgados;23
201219;2009;UMBUZEIRO;ANTONIO FERNANDES DE LIMA;Julgados;0
201219;2009;UMBUZEIRO;ANTONIO FERNANDES DE LIMA;Julgados;0
201219;2009;UMBUZEIRO;ANTONIO FERNANDES DE LIMA;Julgados;0
201219;2013;UMBUZEIRO;THIAGO PESSOA CAMELO;Julgados;58
201219;2013;UMBUZEIRO;THIAGO PESSOA CAMELO;Julgados;58
201222;2009;VISTA SERRANA;JURANDY ARAUJO DA SILVA;NÃo julgados;6
201222;2013;VISTA SERRANA;JURANDY ARAUJO DA SILVA;NÃo julgados;11
